-- Adminer 4.7.6 MySQL dump

SET NAMES utf8;
SET time_zone = '+00:00';
SET foreign_key_checks = 0;
SET sql_mode = 'NO_AUTO_VALUE_ON_ZERO';

DROP TABLE IF EXISTS `eet_transactions`;
CREATE TABLE `eet_transactions` (
  `id` int(11) NOT NULL AUTO_INCREMENT,
  `transaction_id` int(11) NOT NULL,
  `fik` text COLLATE utf8_czech_ci NOT NULL,
  `bkp` text COLLATE utf8_czech_ci NOT NULL,
  `pkp` text COLLATE utf8_czech_ci NOT NULL,
  `state` varchar(30) COLLATE utf8_czech_ci NOT NULL,
  `attempt` int(11) NOT NULL,
  PRIMARY KEY (`id`),
  KEY `transaction_id` (`transaction_id`),
  CONSTRAINT `eet_transactions_ibfk_1` FOREIGN KEY (`transaction_id`) REFERENCES `transaction` (`id`)
) ENGINE=InnoDB DEFAULT CHARSET=utf8 COLLATE=utf8_czech_ci;

INSERT INTO `eet_transactions` (`id`, `transaction_id`, `fik`, `bkp`, `pkp`, `state`, `attempt`) VALUES
(1,	83,	'327c8bd0-6f5f-4883-8096-46bcf8eff5fa-fa',	'aada7959-ef69e0cf-59f4b15e-9305fc8e-3f749d6c',	'',	'send',	1),
(2,	84,	'c6b8664a-dc3d-4cff-a71f-46bcf8ef2cb8-fa',	'9ccf7dfd-2d704f33-115cff08-7975ac45-9a6ca1b3',	'',	'send',	1),
(3,	85,	'1997bbaf-0523-4545-91d8-46bcf8ef1147-fa',	'c68c4cdb-3193fabc-80d65baa-32360971-54e4920b',	'',	'send',	1),
(4,	86,	'ffba1f24-008b-4df9-9c15-46bcf8ef054b-fa',	'c31bdc55-f4cd4eed-a6437150-743aaa03-b420c7c5',	'',	'send',	1),
(5,	87,	'eee66e80-5f5b-439f-818c-46bcf8efd9b5-fa',	'41e59952-a9a98419-e47b4442-d56dc61d-f7bc6c60',	'',	'send',	1),
(6,	88,	'65955f9d-3116-404d-99c9-46bcf8ef4850-fa',	'8208a5de-44e778b0-6c20259e-70b53feb-ccd203e1',	'',	'send',	1),
(7,	91,	'fd39028a-d186-43ec-8765-46bcf8ef19a7-fa',	'00218d12-1de52b52-dd0623e3-9852c849-d1db709f',	'',	'send',	1),
(8,	92,	'6e233f7b-d517-42f2-bdaf-46bcf8efba60-fa',	'10d8368a-16141b8d-0f5e9f81-0295adfa-bf3559ab',	'',	'send',	1),
(9,	93,	'e09c6926-5433-4bb0-873a-46bcf8ef798f-fa',	'2d0f675e-1e0925b8-21c1e464-bf5cc60d-7b628ef4',	'',	'send',	1),
(10,	94,	'ce653f45-2fe0-4e40-a059-46bcf8eff268-fa',	'4083c8ad-75244645-1289fcc6-83d54aa3-0ed9944b',	'',	'send',	1),
(11,	95,	'2cb0bbf1-7af6-48d3-9f35-46bcf8ef706f-fa',	'184973f1-50d953b3-39e63ce4-cb13cdb5-9ee36227',	'',	'send',	1),
(12,	97,	'87141f6d-4248-4cc0-8125-46bcf8eff827-fa',	'd230d612-ec8af8e3-93f9e273-3f34ff5a-586fe345',	'',	'send',	1),
(13,	98,	'516a84f1-b9e0-4ae4-ad37-46bcf8ef90e0-fa',	'30ee179e-ee5de276-89d848bc-9f5da40f-cb0f3692',	'',	'send',	1),
(14,	99,	'ec5880a8-fa82-432a-95b4-46bcf8ef2df0-fa',	'c9b46c93-0e3a31a1-7e6b2dfb-07ffa6ea-3816b162',	'',	'send',	1);

DROP TABLE IF EXISTS `payments_in_transactions`;
CREATE TABLE `payments_in_transactions` (
  `id` int(11) NOT NULL AUTO_INCREMENT,
  `payment_name` varchar(200) COLLATE utf8_czech_ci NOT NULL,
  `transaction_id` int(11) NOT NULL,
  `ammount` float NOT NULL,
  PRIMARY KEY (`id`),
  KEY `transaction_id` (`transaction_id`),
  CONSTRAINT `payments_in_transactions_ibfk_1` FOREIGN KEY (`transaction_id`) REFERENCES `transaction` (`id`) ON DELETE CASCADE
) ENGINE=InnoDB DEFAULT CHARSET=utf8 COLLATE=utf8_czech_ci;

INSERT INTO `payments_in_transactions` (`id`, `payment_name`, `transaction_id`, `ammount`) VALUES
(15,	'Stravenka',	37,	400),
(16,	'Kartou',	37,	49.26),
(17,	'Refundace',	39,	-72.48),
(18,	'Refundace',	40,	-57.39),
(19,	'Refundace',	41,	-57.39),
(20,	'Refundace',	42,	-57.39),
(21,	'Hotove',	44,	98.5),
(22,	'Refundace',	44,	-117.77),
(23,	'Vraceno',	44,	-98.5),
(24,	'Refundace',	45,	-57.39),
(25,	'Refundace',	51,	-200.8),
(26,	'Hotove',	50,	2000),
(27,	'Vraceno',	50,	-454.55),
(28,	'Přesná částka',	49,	108.66),
(29,	'Hotove',	48,	7),
(30,	'Hotove',	48,	9),
(31,	'Kartou',	48,	6),
(32,	'Stravenka',	48,	6),
(33,	'Stravenka',	48,	5),
(34,	'Hotove',	48,	80),
(35,	'Vraceno',	48,	-21.23),
(36,	'Hotove',	53,	555),
(37,	'Refundace',	53,	-866.29),
(38,	'Vraceno',	53,	-555),
(39,	'Přesná částka',	53,	0),
(40,	'Refundace',	54,	-68.77),
(41,	'Přesná částka',	54,	68.77),
(42,	'Hotove',	55,	6850),
(43,	'Vraceno',	55,	-6723.85),
(44,	'Přesná částka',	56,	57.39),
(45,	'Stravenka',	52,	2000),
(46,	'Stravenka',	52,	100),
(47,	'Přesná částka',	52,	34.19),
(48,	'Stravenka',	57,	30),
(49,	'Stravenka',	57,	30),
(50,	'Stravenka',	57,	30),
(51,	'Stravenka',	57,	30),
(52,	'Stravenka',	57,	30),
(53,	'Přesná částka',	57,	10.54),
(54,	'Refundace',	58,	-60.38),
(55,	'Refundace',	59,	-21360.7),
(56,	'Přesná částka',	60,	40.14),
(57,	'Hotove',	61,	1e23),
(58,	'Vraceno',	61,	-1e23),
(59,	'Refundace',	62,	-398.58),
(60,	'Hotove',	63,	500),
(61,	'Vraceno',	63,	-439.62),
(62,	'Refundace',	64,	-1158.72),
(63,	'Přesná částka',	65,	246.07),
(64,	'Stravenka',	66,	25),
(65,	'Stravenka',	66,	25),
(66,	'Stravenka',	66,	25),
(67,	'Stravenka',	66,	25),
(68,	'Stravenka',	66,	25),
(69,	'Stravenka',	66,	25),
(70,	'Stravenka',	66,	25),
(71,	'Stravenka',	66,	25),
(72,	'Stravenka',	66,	25),
(73,	'Stravenka',	66,	25),
(74,	'Stravenka',	66,	25),
(75,	'Stravenka',	66,	25),
(76,	'Stravenka',	66,	25),
(77,	'Stravenka',	66,	25),
(78,	'Stravenka',	66,	25),
(79,	'Stravenka',	66,	25),
(80,	'Stravenka',	66,	25),
(81,	'Stravenka',	66,	25),
(82,	'Stravenka',	66,	25),
(83,	'Stravenka',	66,	25),
(84,	'Stravenka',	66,	25),
(85,	'Stravenka',	66,	25),
(86,	'Kartou',	66,	614.06),
(87,	'Refundace',	65,	-252303),
(88,	'Přesná částka',	68,	57.39),
(89,	'Kartou',	67,	1447.54),
(90,	'Vraceno',	67,	-932.39),
(91,	'Refundace',	69,	-524.96),
(92,	'Přesná částka',	70,	40.14),
(93,	'Hotove',	69,	33111),
(94,	'Vraceno',	69,	-32356.9),
(95,	'Stravenka',	71,	205.34),
(96,	'Přesná částka',	72,	296.27),
(97,	'Stravenka',	73,	200),
(98,	'Vraceno',	73,	-159.86),
(99,	'Hotove',	74,	30),
(100,	'Vraceno',	74,	-1.37),
(101,	'Hotove',	74,	30),
(102,	'Vraceno',	74,	-1),
(103,	'Hotove',	75,	5333),
(104,	'Vraceno',	75,	-5264),
(105,	'Přesná částka',	76,	60.38),
(106,	'Refundace',	77,	-40.14),
(107,	'Přesná částka',	78,	74.52),
(108,	'Stravenka',	69,	43500),
(109,	'Vraceno',	69,	-12637),
(110,	'Přesná částka',	78,	74.52),
(111,	'Refundace',	80,	-60.38),
(112,	'Přesná částka',	81,	230.98),
(113,	'Hotove',	83,	500),
(114,	'Vraceno',	83,	-443),
(115,	'Přesná částka',	83,	57.39),
(116,	'Refundace',	84,	-694.97),
(117,	'Refundace',	85,	-48.28),
(118,	'Stravenka',	86,	500),
(119,	'Vraceno',	86,	-74),
(120,	'Hotove',	87,	100),
(121,	'Vraceno',	87,	-40),
(122,	'Hotove',	88,	7),
(123,	'Hotove',	88,	1),
(124,	'Hotove',	88,	5),
(125,	'Hotove',	88,	65),
(126,	'Vraceno',	88,	-21),
(127,	'Přesná částka',	91,	57.39),
(128,	'Hotove',	92,	1),
(129,	'Hotove',	92,	50),
(130,	'Hotove',	92,	41),
(131,	'Přesná částka',	93,	72),
(132,	'Stravenka',	94,	50),
(133,	'Kartou',	94,	51),
(134,	'Přesná částka',	95,	57),
(135,	'Přesná částka',	97,	86),
(136,	'Přesná částka',	98,	141),
(137,	'Přesná částka',	99,	141);


DROP TABLE IF EXISTS `product`;
CREATE TABLE `product` (
  `id` int(11) NOT NULL AUTO_INCREMENT,
  `name` varchar(200) COLLATE utf8_czech_ci NOT NULL,
  `price` float NOT NULL,
  `visibility` smallint(1) NOT NULL,
  `type` int(11) DEFAULT NULL,
  `tax_id` int(11) DEFAULT NULL,
  PRIMARY KEY (`id`),
  KEY `type` (`type`),
  KEY `tax_id` (`tax_id`),
  CONSTRAINT `product_ibfk_2` FOREIGN KEY (`tax_id`) REFERENCES `taxes` (`id`) ON DELETE CASCADE,
  CONSTRAINT `product_ibfk_1` FOREIGN KEY (`type`) REFERENCES `product_type` (`id`) ON DELETE SET NULL
) ENGINE=InnoDB DEFAULT CHARSET=utf8 COLLATE=utf8_czech_ci;

INSERT INTO `product` (`id`, `name`, `price`, `visibility`, `type`, `tax_id`) VALUES
(29,	'Caffé latté 0,4',	49.9,	1,	1,	2),
(30,	'Caffé latté 0,2',	29.9,	1,	1,	2),
(31,	'Esspresso',	24.9,	1,	1,	2),
(32,	'Esspresso lungo',	34.9,	1,	1,	2),
(33,	'Cappy jablko 0,33',	39.9,	1,	1,	1),
(34,	'Cappy pomeranc 0,33',	39.9,	1,	1,	1),
(35,	'Cheesecake jahoda',	59.9,	1,	1,	1),
(36,	'Cheesecake malina',	59.9,	1,	1,	1),
(37,	'Cheesecake čokoláda',	49.9,	1,	1,	1),
(38,	'Medovník Marlenka',	59.9,	1,	1,	1);

DROP TABLE IF EXISTS `products_in_stock`;
CREATE TABLE `products_in_stock` (
  `id` int(11) NOT NULL AUTO_INCREMENT,
  `stock_id` int(11) NOT NULL,
  `product_id` int(11) NOT NULL,
  `quantity` int(11) NOT NULL,
  `min_order_quantity` int(11) NOT NULL,
  PRIMARY KEY (`id`),
  KEY `stock_id` (`stock_id`),
  KEY `product_id` (`product_id`),
  CONSTRAINT `products_in_stock_ibfk_3` FOREIGN KEY (`product_id`) REFERENCES `product` (`id`) ON DELETE CASCADE ON UPDATE CASCADE,
  CONSTRAINT `products_in_stock_ibfk_4` FOREIGN KEY (`stock_id`) REFERENCES `stock` (`id`) ON DELETE CASCADE ON UPDATE NO ACTION
) ENGINE=InnoDB DEFAULT CHARSET=utf8 COLLATE=utf8_czech_ci;

INSERT INTO `products_in_stock` (`id`, `stock_id`, `product_id`, `quantity`, `min_order_quantity`) VALUES
(173,	23,	35,	0,	0),
(174,	23,	36,	0,	0),
(175,	23,	37,	0,	0),
(176,	24,	29,	20,	0),
(177,	24,	30,	30,	0),
(178,	24,	31,	10,	0),
(179,	24,	32,	10,	0),
(180,	22,	33,	21230,	0),
(181,	22,	34,	1231231,	0);

DROP TABLE IF EXISTS `products_in_transaction`;
CREATE TABLE `products_in_transaction` (
  `id` int(11) NOT NULL AUTO_INCREMENT,
  `product_id` int(11) NOT NULL,
  `transaction_id` int(11) NOT NULL,
  `quantity` int(11) NOT NULL,
  PRIMARY KEY (`id`),
  KEY `product_id` (`product_id`),
  KEY `transaction_id` (`transaction_id`),
  CONSTRAINT `products_in_transaction_ibfk_1` FOREIGN KEY (`product_id`) REFERENCES `product` (`id`) ON DELETE CASCADE,
  CONSTRAINT `products_in_transaction_ibfk_2` FOREIGN KEY (`transaction_id`) REFERENCES `transaction` (`id`) ON DELETE CASCADE
) ENGINE=InnoDB DEFAULT CHARSET=utf8 COLLATE=utf8_czech_ci;

INSERT INTO `products_in_transaction` (`id`, `product_id`, `transaction_id`, `quantity`) VALUES
(164,	29,	37,	8),
(165,	30,	37,	8),
(166,	35,	37,	4),
(167,	36,	37,	4),
(168,	37,	37,	6),
(170,	35,	39,	2),
(171,	29,	40,	2),
(172,	29,	41,	3),
(173,	29,	42,	2),
(174,	29,	44,	3),
(175,	37,	44,	3),
(176,	29,	45,	2),
(177,	29,	51,	6),
(178,	31,	51,	2),
(179,	29,	50,	2),
(180,	30,	50,	6),
(181,	32,	50,	4),
(182,	36,	50,	36),
(183,	33,	49,	2),
(184,	37,	49,	2),
(185,	29,	48,	4),
(186,	30,	48,	4),
(187,	32,	52,	47),
(188,	29,	53,	16),
(189,	31,	53,	64),
(190,	32,	53,	32),
(191,	30,	53,	16),
(192,	34,	53,	16),
(193,	33,	53,	16),
(194,	36,	53,	32),
(195,	35,	53,	48),
(196,	37,	53,	32),
(197,	31,	54,	12),
(198,	32,	54,	14),
(199,	29,	55,	2),
(200,	30,	55,	4),
(201,	29,	56,	2),
(202,	34,	52,	102),
(203,	33,	52,	30),
(204,	31,	52,	12),
(205,	35,	52,	18),
(206,	36,	52,	18),
(207,	37,	52,	24),
(208,	29,	52,	4),
(209,	29,	57,	2),
(210,	30,	57,	2),
(211,	32,	57,	2),
(212,	31,	57,	2),
(213,	37,	58,	2),
(216,	32,	60,	2),
(217,	31,	61,	2),
(218,	32,	62,	4),
(219,	30,	62,	8),
(220,	33,	62,	12),
(221,	34,	62,	12),
(222,	37,	63,	2),
(223,	34,	64,	48),
(224,	31,	65,	21506),
(225,	35,	65,	43008),
(226,	36,	65,	21504),
(227,	32,	66,	58),
(228,	29,	67,	33),
(229,	30,	67,	81),
(230,	33,	67,	54),
(231,	31,	67,	31),
(232,	29,	65,	26),
(233,	30,	65,	40),
(234,	29,	68,	2),
(235,	29,	69,	192),
(236,	30,	69,	504),
(237,	31,	69,	914),
(238,	32,	69,	168),
(239,	37,	69,	504),
(240,	32,	70,	2),
(241,	37,	71,	2),
(242,	36,	71,	4),
(243,	30,	72,	2),
(244,	31,	72,	2),
(245,	32,	72,	2),
(246,	33,	72,	4),
(247,	34,	72,	4),
(248,	32,	73,	2),
(249,	31,	74,	4),
(250,	31,	75,	2),
(251,	32,	75,	2),
(252,	37,	76,	2),
(253,	32,	77,	2),
(254,	32,	78,	5),
(255,	30,	78,	4),
(256,	35,	69,	6),
(257,	36,	69,	2),
(267,	37,	80,	2),
(268,	34,	54,	2),
(269,	29,	81,	2),
(270,	31,	81,	2),
(271,	35,	81,	4),
(272,	31,	82,	6),
(273,	29,	79,	4),
(274,	37,	79,	16),
(275,	29,	83,	7),
(276,	30,	84,	2),
(277,	31,	84,	2),
(278,	38,	84,	8),
(279,	32,	84,	2),
(280,	35,	84,	2),
(281,	36,	84,	2),
(282,	37,	84,	2),
(283,	34,	84,	2),
(284,	33,	84,	2),
(285,	33,	85,	2),
(286,	29,	86,	2),
(287,	31,	86,	8),
(288,	32,	86,	2),
(289,	30,	86,	4),
(290,	35,	86,	2),
(291,	36,	86,	2),
(292,	37,	87,	2),
(293,	29,	88,	6160),
(294,	29,	89,	1),
(295,	29,	90,	1),
(296,	29,	91,	11),
(297,	30,	92,	4),
(298,	29,	92,	4),
(299,	35,	93,	2),
(300,	38,	94,	2),
(301,	31,	94,	2),
(302,	29,	95,	2),
(303,	30,	96,	2),
(304,	29,	97,	2),
(305,	31,	97,	2),
(306,	31,	98,	2),
(307,	38,	98,	2),
(308,	32,	98,	2),
(309,	31,	99,	2),
(310,	38,	99,	2),
(311,	32,	99,	2);

DROP TABLE IF EXISTS `product_meta`;
CREATE TABLE `product_meta` (
  `id` int(11) NOT NULL AUTO_INCREMENT,
  `product_id` int(11) NOT NULL,
  `meta_key` varchar(150) COLLATE utf8_czech_ci NOT NULL,
  `meta_value` text COLLATE utf8_czech_ci NOT NULL,
  PRIMARY KEY (`id`),
  KEY `product_id` (`product_id`),
  CONSTRAINT `product_meta_ibfk_1` FOREIGN KEY (`product_id`) REFERENCES `product` (`id`) ON DELETE CASCADE
) ENGINE=InnoDB DEFAULT CHARSET=utf8 COLLATE=utf8_czech_ci;

INSERT INTO `product_meta` (`id`, `product_id`, `meta_key`, `meta_value`) VALUES
(24,	29,	'xPos',	'1'),
(25,	29,	'yPos',	'1'),
(26,	30,	'xPos',	'2'),
(27,	30,	'yPos',	'1'),
(28,	31,	'xPos',	'1'),
(29,	31,	'yPos',	'2'),
(30,	32,	'xPos',	'2'),
(31,	32,	'yPos',	'2'),
(32,	33,	'xPos',	'5'),
(33,	33,	'yPos',	'1'),
(34,	34,	'xPos',	'5'),
(35,	34,	'yPos',	'2'),
(36,	35,	'xPos',	'1'),
(37,	35,	'yPos',	'5'),
(38,	36,	'xPos',	'2'),
(39,	36,	'yPos',	'5'),
(40,	37,	'xPos',	'3'),
(41,	37,	'yPos',	'5'),
(42,	38,	'xPos',	'1'),
(43,	38,	'yPos',	'3');


DROP TABLE IF EXISTS `product_type`;
CREATE TABLE `product_type` (
  `id` int(11) NOT NULL AUTO_INCREMENT,
  `name` varchar(50) COLLATE utf8_czech_ci NOT NULL,
  PRIMARY KEY (`id`)
) ENGINE=InnoDB DEFAULT CHARSET=utf8 COLLATE=utf8_czech_ci;

INSERT INTO `product_type` (`id`, `name`) VALUES
(1,	'Single product'),
(2,	'Product set'),
(3,	'Material');

DROP TABLE IF EXISTS `settings`;
CREATE TABLE `settings` (
  `id` int(11) NOT NULL AUTO_INCREMENT,
  `name` varchar(200) COLLATE utf8_czech_ci NOT NULL,
  `value` text COLLATE utf8_czech_ci NOT NULL,
  PRIMARY KEY (`id`)
) ENGINE=InnoDB DEFAULT CHARSET=utf8 COLLATE=utf8_czech_ci;

INSERT INTO `settings` (`id`, `name`, `value`) VALUES
(1,	'nazev_poplatnika',	'Testovaci obchod'),
(2,	'adresa_ulice',	'Javorová 10'),
(3,	'adresa_mesto',	'Praha 10 , 101 00'),
(4,	'telefon',	'+420 123 456 789'),
(5,	'email',	'test@test.cz'),
(6,	'ic_obchodnika',	'12345678'),
(7,	'dic_obchodnika',	'00000019'),
(8,	'dic_poverujiciho',	''),
(9,	'id_provoz',	'123'),
(10,	'id_pokl',	'83');

DROP TABLE IF EXISTS `stock`;
CREATE TABLE `stock` (
  `id` int(11) NOT NULL AUTO_INCREMENT,
  `name` varchar(200) COLLATE utf8_czech_ci NOT NULL,
  `description` varchar(255) COLLATE utf8_czech_ci NOT NULL,
  `active` tinyint(1) NOT NULL,
  PRIMARY KEY (`id`)
) ENGINE=InnoDB DEFAULT CHARSET=utf8 COLLATE=utf8_czech_ci;

INSERT INTO `stock` (`id`, `name`, `description`, `active`) VALUES
(22,	'Nápoje ve skle',	'Všechny nápoje ve skle',	1),
(23,	'Zákusky - lednice',	'Veškeré zákusky, které musí být skladované v lednici',	1),
(24,	'Káva',	'Veškerá káva',	1);

DROP TABLE IF EXISTS `taxes`;
CREATE TABLE `taxes` (
  `id` int(11) NOT NULL AUTO_INCREMENT,
  `name` varchar(50) COLLATE utf8_czech_ci NOT NULL,
  `value` int(11) NOT NULL,
  PRIMARY KEY (`id`)
) ENGINE=InnoDB DEFAULT CHARSET=utf8 COLLATE=utf8_czech_ci;

INSERT INTO `taxes` (`id`, `name`, `value`) VALUES
(1,	'Zakladni sazba',	21),
(2,	'Prvni snizena',	15),
(3,	'Druha snizena',	10),
(4,	'Osvobozeno',	0),
(5,	'-- neplatce --',	0);

DROP TABLE IF EXISTS `transaction`;
CREATE TABLE `transaction` (
  `id` int(11) NOT NULL AUTO_INCREMENT,
  `date_time` datetime NOT NULL,
  `total` float NOT NULL,
  `completed` varchar(10) COLLATE utf8_czech_ci NOT NULL,
  PRIMARY KEY (`id`)
) ENGINE=InnoDB DEFAULT CHARSET=utf8 COLLATE=utf8_czech_ci;

INSERT INTO `transaction` (`id`, `date_time`, `total`, `completed`) VALUES
(37,	'2020-02-21 07:38:56',	449.26,	'1'),
(39,	'2020-02-21 07:41:21',	72.48,	'1'),
(40,	'2020-02-21 07:43:38',	57.39,	'1'),
(41,	'2020-02-21 07:43:46',	57.39,	'1'),
(42,	'2020-02-21 07:44:19',	57.39,	'1'),
(44,	'2020-02-21 07:45:59',	117.77,	'1'),
(45,	'2020-02-21 07:46:50',	57.39,	'1'),
(48,	'2020-02-21 08:05:42',	91.77,	'1'),
(49,	'2020-02-21 08:06:28',	108.66,	'1'),
(50,	'2020-02-21 08:06:39',	1545.45,	'1'),
(51,	'2020-02-21 08:07:10',	200.8,	'1'),
(52,	'2020-02-21 08:14:31',	2134.19,	'1'),
(53,	'2020-02-21 08:18:22',	6930.32,	'1'),
(54,	'2020-02-21 08:24:31',	363.5,	'1'),
(55,	'2020-02-21 08:27:26',	126.15,	'1'),
(56,	'2020-02-21 08:48:29',	57.39,	'1'),
(57,	'2020-02-21 08:48:46',	160.54,	'1'),
(58,	'2020-02-21 09:03:09',	60.38,	'1'),
(59,	'2020-02-21 09:03:25',	0,	'1'),
(60,	'2020-02-21 09:03:35',	40.14,	'1'),
(61,	'2020-02-21 09:03:46',	28.63,	'1'),
(62,	'2020-02-21 09:04:04',	398.58,	'1'),
(63,	'2020-02-21 09:04:16',	60.38,	'1'),
(64,	'2020-02-21 09:04:44',	1158.72,	'1'),
(65,	'2020-02-21 09:05:06',	252303,	'1'),
(66,	'2020-02-21 09:15:46',	1164.06,	'1'),
(67,	'2020-02-21 09:16:41',	515.15,	'1'),
(68,	'2020-02-21 09:25:55',	57.39,	'1'),
(69,	'2020-02-21 09:26:11',	30862.6,	'1'),
(70,	'2020-02-21 09:58:23',	40.14,	'1'),
(71,	'2020-02-21 09:58:37',	205.34,	'1'),
(72,	'2020-02-21 10:10:17',	296.27,	'1'),
(73,	'2020-02-21 10:10:39',	40.14,	'1'),
(74,	'2020-02-21 10:10:56',	28.63,	'1'),
(75,	'2020-02-21 10:12:45',	68.77,	'1'),
(76,	'2020-02-21 10:14:26',	60.38,	'1'),
(77,	'2020-02-21 10:14:42',	40.14,	'1'),
(78,	'2020-02-21 10:14:51',	74.52,	'1'),
(79,	'2020-02-21 10:27:56',	298.91,	''),
(80,	'2020-02-21 10:28:29',	60.38,	'1'),
(81,	'2020-02-21 10:28:39',	230.98,	'1'),
(82,	'2020-02-21 11:00:55',	85.89,	''),
(83,	'2020-02-21 13:48:55',	57.39,	'1'),
(84,	'2020-02-21 14:09:29',	694.97,	'1'),
(85,	'2020-02-21 14:09:48',	48.28,	'1'),
(86,	'2020-02-21 14:12:20',	425.77,	'1'),
(87,	'2020-02-21 14:12:30',	60.38,	'1'),
(88,	'2020-02-21 14:12:40',	57.39,	'1'),
(89,	'2020-02-21 14:22:03',	57.39,	''),
(90,	'2020-02-21 14:24:05',	57.39,	''),
(91,	'2020-02-21 14:25:43',	57.39,	'1'),
(92,	'2020-02-21 14:29:51',	91.77,	'1'),
(93,	'2020-02-21 14:31:55',	72.48,	'1'),
(94,	'2020-02-21 14:32:00',	101.11,	'1'),
(95,	'2020-02-22 07:04:19',	57.39,	'1'),
(96,	'2020-02-22 22:26:19',	34.38,	''),
(97,	'2020-02-22 22:34:04',	86.02,	'1'),
(98,	'2020-02-22 22:34:11',	141.25,	'1'),
(99,	'2020-02-22 22:34:17',	141.25,	'1'),
(100,	'2020-02-22 22:34:22',	0,	'');

DROP TABLE IF EXISTS `transaction_meta`;
CREATE TABLE `transaction_meta` (
  `id` int(11) NOT NULL AUTO_INCREMENT,
  `meta_key` varchar(150) COLLATE utf8_czech_ci NOT NULL,
  `meta_value` text COLLATE utf8_czech_ci NOT NULL,
  `transaction_id` int(11) NOT NULL,
  PRIMARY KEY (`id`),
  KEY `transaction_id` (`transaction_id`),
  CONSTRAINT `transaction_meta_ibfk_4` FOREIGN KEY (`transaction_id`) REFERENCES `transaction` (`id`)
) ENGINE=InnoDB DEFAULT CHARSET=utf8 COLLATE=utf8_czech_ci;

INSERT INTO `transaction_meta` (`id`, `meta_key`, `meta_value`, `transaction_id`) VALUES
(5,	'receiptId',	'19700101/51',	51),
(6,	'receiptId',	'19700101/52',	52),
(7,	'receiptId',	'19700101/53',	53),
(8,	'receiptId',	'19700101/54',	54),
(9,	'receiptId',	'19700101/55',	55),
(10,	'receiptId',	'19700101/56',	56),
(11,	'receiptId',	'19700101/57',	57),
(12,	'receiptId',	'19700101/58',	58),
(13,	'receiptId',	'19700101/59',	59),
(14,	'receiptId',	'19700101/60',	60),
(15,	'receiptId',	'19700101/61',	61),
(16,	'receiptId',	'19700101/62',	62),
(17,	'receiptId',	'19700101/63',	63),
(18,	'receiptId',	'19700101/64',	64),
(19,	'receiptId',	'19700101/65',	65),
(20,	'receiptId',	'19700101/66',	66),
(21,	'receiptId',	'19700101/67',	67),
(22,	'receiptId',	'19700101/68',	68),
(23,	'receiptId',	'19700101/69',	69),
(24,	'receiptId',	'19700101/70',	70),
(25,	'receiptId',	'19700101/71',	71),
(26,	'receiptId',	'19700101/72',	72),
(27,	'receiptId',	'19700101/73',	73),
(28,	'receiptId',	'19700101/74',	74),
(29,	'receiptId',	'19700101/75',	75),
(30,	'receiptId',	'19700101/76',	76),
(31,	'receiptId',	'19700101/77',	77),
(32,	'receiptId',	'19700101/78',	78),
(33,	'receiptId',	'19700101/79',	79),
(34,	'receiptId',	'19700101/80',	80),
(35,	'receiptId',	'19700101/81',	81),
(36,	'receiptId',	'19700101/82',	82),
(37,	'receiptId',	'19700101/83',	83),
(38,	'receiptId',	'19700101/84',	84),
(39,	'receiptId',	'19700101/85',	85),
(40,	'receiptId',	'20200221/86',	86),
(41,	'receiptId',	'20200221/87',	87),
(42,	'receiptId',	'20200221/88',	88),
(43,	'receiptId',	'20200221/89',	89),
(44,	'receiptId',	'20200221/90',	90),
(45,	'receiptId',	'20200221/91',	91),
(46,	'receiptId',	'20200221/92',	92),
(47,	'receiptId',	'20200221/93',	93),
(48,	'receiptId',	'20200221/94',	94),
(49,	'receiptId',	'20200222/95',	95),
(50,	'receiptId',	'20200222/96',	96),
(51,	'receiptId',	'20200222/97',	97),
(52,	'receiptId',	'20200222/98',	98),
(53,	'receiptId',	'20200222/99',	99),
(54,	'receiptId',	'20200222/100',	100);

DROP TABLE IF EXISTS `users`;
CREATE TABLE `users` (
  `id` int(11) NOT NULL AUTO_INCREMENT,
  `first_name` varchar(200) COLLATE utf8_czech_ci NOT NULL,
  `last_name` varchar(200) COLLATE utf8_czech_ci NOT NULL,
  `email` varchar(200) COLLATE utf8_czech_ci NOT NULL,
  `password` varchar(200) COLLATE utf8_czech_ci NOT NULL,
  `pass_code` varchar(200) COLLATE utf8_czech_ci NOT NULL,
  `code` int(11) NOT NULL,
  PRIMARY KEY (`id`)
) ENGINE=InnoDB DEFAULT CHARSET=utf8 COLLATE=utf8_czech_ci;

INSERT INTO `users` (`id`, `first_name`, `last_name`, `email`, `password`, `pass_code`, `code`) VALUES
(1,	'Jakub',	'Mudra',	'osobni@jakubmudra.cz',	'12344',	'$2y$10$4ofytOqTsst27CK5XIwRPeyjmkJg7wEOZwDyLJBFuwneQgIpyaloS',	9845);

-- 2020-02-23 08:27:28